lab,trial_type,looking_time
madlabucsd,ADS,5.51
purdueinfantspeech,IDS,0.82
cdcceu,IDS,11.9
lppparisdescartes2,ADS,1940.0
socialcogumiami,ADS,0.14
callab,IDS,0.0
babylabkingswood,IDS,4661.0
bchdosu,IDS,16.19
infantcoglablouisville,training,12.712
lllliv,IDS,15.018
bchdosu,ADS,10.112
cfnuofn,ADS,16.51
babylabparisdescartes1,ADS,7.059
chosunbaby,,
babylabpotsdam,ADS,3.962
cdcceu,IDS,5.196
ileap,IDS,17.254
infantllmadison,ADS,2.263
ldlottawa,training,4.4716
labunam,IDS,2882.0
babylabbrookes,training,17.86
weescienceedinburgh,ADS,11.81
ldlottawa,IDS,1.385
cdcceu,ADS,16.29
labunam,ADS,3946.0
babylablmu,IDS,9.12
chosunbaby,IDS,14.711
ldlottawa,IDS,0.0
infantllmadison,IDS,14.222
bllumanitoba,IDS,8.983
wsigoettingen,ADS,2.8
bchdosu,IDS,2.8
babylabyork,ADS,7.6
babylabvuw,IDS,1.461
babylabutrecht,IDS,17.999424
babylabkingswood,ADS,1918.0
trainorlab,ADS,6.5311
cfnuofn,Training,0.0
babylabutrecht,ADS,14.381625
labunam,ADS,0.0
ldlottawa,IDS,3.5383
ethosrennes,ADS,0.0
chosunbaby,ADS,4.198
babylablangessex,IDS,
bchdosu,training,4.032
lllliv,IDS,8.16
babylabutrecht,ADS,6.940892
jmucdl,IDS,
bounbcl,ADS,3.16
langlabucla,ADS,11.92
bllumanitoba,IDS,2.527
escompicbsleipzig,IDS,11.3
lcdfsu,test-ADS,202.0
bchdosu,IDS,6.4
dcnlabtennessee,ADS,12.001
ldlottawa,IDS,6.2567
langlabucla,IDS,5.632
babylabplymouth,IDS,15.47
icclbc,ADS,21.665
callab,ADS,0.0828857421875
nusinfantlanguagecentre,IDS,15.54
ldlottawa,IDS,6.155
infantcogubc,IDS,8.6
kyotobabylab,IDS,11.05
babylabkonstanz,training,15.39
babylabshimane,training,12.75
babylablangessex,ADS,5.786
babylabnijmegen,IDS,3.47
wsigoettingen,ADS,18.0
icclbc,ADS,13.215
labunam,ADS,826.0
babylingoslo,ADS,5.03
ethosrennes,ADS,5.38
babylabyork,ADS,6.9
babylablangessex,IDS,1.322
babylabnijmegen,IDS,1.81
babylablmu,ADS,
weltentdeckerzurich,IDS,6.51
callab,IDS,2.9652099609375
dcnlabtennessee,IDS,10.504
cdcceu,IDS,1.206
babylabumassb,IDS,5.95
infantllmadison,IDS,15.278
purdueinfantspeech,IDS,
babylabplymouth,ADS,
babylabutrecht,ADS,13.235367
jmucdl,IDS,0.0
isplabmcgill,ADS,0.99
icclbc,Training,2.333
ethosrennes,ADS,2.53
ethosrennes,IDS,8.29
trainorlab,ADS,1.4402
lancaster,IDS,2.996897331
purdueinfantspeech,IDS,1.17
weescienceedinburgh,ADS,15.99
jmucdl,IDS,
ethosrennes,IDS,0.0
babylabuclajohnson,IDS,16.56
babylablangessex,IDS,
wsigoettingen,IDS,11.39
lscppsl,ADS,244.0
udssaarland,training,7.9580681324
callab,IDS,0.0
infantllmadison,ADS,8.407
babylabvuw,IDS,17.385
wsigoettingen,ADS,18.0
infantllmadison,ADS,11.157
babylableiden,IDS,5.73
labunam,ADS,932.0
babylabyork,training,11.5
babylabutrecht,ADS,14.55065
babylablmu,IDS,2.78
babylabprinceton,training,9.767
babylabkonstanz,training,15.5
babylabbrookes,IDS,2.704
minddevlabbicocca,IDS,5210.0
babylablmu,training,0.0
bllumanitoba,training,15.599
lcduleeds,ADS,0.0
babylabnijmegen,IDS,1.36
childlabmanchester,,
weltentdeckerzurich,IDS,1.77
irlconcordia,ADS,1.4
babylabprinceton,ADS,2.052
babylablangessex,IDS,0.964
baldwinlabuoregon,ADS,6.500896001
langlabucla,IDS,15.391
babylabpotsdam,IDS,2.229
socialcogumiami,ADS,5.78
infantlanglabutk,ADS2,7872.0
babylabkingswood,IDS,11121.0
infantlanglabutk,IDS5,10446.0
callab,ADS,0.0
bllumanitoba,ADS,4.919
unlvmusiclab,ADS,17.744
babylabkonstanz,ADS,5.69
bllumanitoba,ADS,5.991
babylabutrecht,IDS,5.547063
bcrlunlv,IDS,14.17
earlysocogfm,IDS,2.2
ldlottawa,IDS,
bcrlunlv,IDS,6.7
infantllmadison,ADS,9.559
infantlanglabutk,ADS1,3832.0
ldlottawa,IDS,2.00167
babylabutrecht,IDS,6.34893
ethosrennes,training,11.68
wsigoettingen,ADS,15.76
weltentdeckerzurich,IDS,
lscppsl,ADS,1478.0
infantcoglablouisville,ADS,1.992
babylabshimane,ADS,4.22
socialcogumiami,IDS,
pocdnorthwestern,ADS,1.06596
cdcceu,ADS,1.796
lancaster,IDS,2.094154306
pocdnorthwestern,ADS,16.280939999999998
infantcogubc,IDS,9.35
udssaarland,IDS,3.0383479595
babylabutrecht,ADS,17.729046
lscppsl,ADS,2769.0
chosunbaby,training,11.947
bounbcl,IDS,5.76
udssaarland,ADS,12.8000051975
musdevutm,ADS,2.449
purdueinfantspeech,IDS,3.47
infantcogubc,ADS,0.0
ethosrennes,IDS,0.0
babylabprinceton,IDS,5.125
lppparisdescartes2,ADS,1436.0
ileap,training,4.184
bchdosu,IDS,16.508
isplabmcgill,ADS,1.99
pocdnorthwestern,IDS,1.517
wsigoettingen,ADS,14.22
babylabkingswood,ADS,3852.0
chosunbaby,ADS,4.146
ethosrennes,IDS,
infantlanglabutk,IDS8,1578.0
kokuhamburg,ADS,7.65
wsigoettingen,IDS,16.7
chosunbaby,,
bcrlunlv,IDS,2.6
udssaarland,IDS,5.6679310799
dcnlabtennessee,ADS,1.894
chosunbaby,ADS,3.11
bchdosu,IDS,0.864
infantcoglablouisville,ADS,1.048
langlabucla,IDS,8.048
infantlanglabutk,IDS1,19902.0
wsigoettingen,ADS,18.0
bounbcl,ADS,0.52
udssaarland,ADS,5.0349609852
infantllmadison,ADS,4.176
babylabpotsdam,ADS,3.533
babylabuclajohnson,IDS,18.0
babylabpotsdam,IDS,1.607
babylabutrecht,ADS,6.197809
cfnuofn,IDS,27.8
kokuhamburg,IDS,4.18
babylablmu,IDS,
babylablangessex,IDS,0.0
babylabbrookes,IDS,
chosunbaby,,
babylabbrookes,ADS,16.67
weescienceedinburgh,IDS,4.03
chosunbaby,ADS,6.576
infantllmadison,IDS,6.277
babylablmu,ADS,2.22
infantlanglabutk,IDS3,5249.0
ldlottawa,IDS,7.00667
infantlanglabutk,Train 2,3358.0
bchdosu,ADS,3.745
pocdnorthwestern,IDS,2.96996
icclbc,Training,20.632
kyotobabylab,ADS,7.61
childlabmanchester,IDS,1.872
musdevutm,ADS,9.766
purdueinfantspeech,IDS,13.36
chosunbaby,,
ldlottawa,ADS,4.57166
babylabpotsdam,ADS,4.562
purdueinfantspeech,IDS,15.97
babylabpotsdam,IDS,6.673
weltentdeckerzurich,IDS,7.04
labunam,IDS,5358.0
ldlottawa,IDS,0.5667
pocdnorthwestern,ADS,4.384
infantllmadison,IDS,5.587
infantcogubc,Training,3.44
langlabucla,ADS,7.072
babylabutrecht,IDS,1.9162
unlvmusiclab,IDS,17.424
lllliv,ADS,
icclbc,ADS,4.065
bounbcl,ADS,6.96
ethosrennes,training,2.19
babylabpotsdam,ADS,4.189
babylabnijmegen,IDS,3.34
unlvmusiclab,IDS,17.677
cdcceu,IDS,8.492
babylabpotsdam,IDS,5.894
babylabutrecht,IDS,1.030746
wsigoettingen,IDS,17.18
infantllmadison,ADS,5.103
babylabumassb,IDS,2.4133
unlvmusiclab,ADS,17.209
infantllmadison,ADS,18.023
kokuhamburg,IDS,
babylablmu,IDS,3.02
bllumanitoba,IDS,13.079
bounbcl,ADS,18.16
infantstudiesubc,IDS,4.237566667
lppparisdescartes2,training,17068.0
babylabbrookes,IDS,12.83
babylablmu,ADS,0.89
ldlottawa,ADS,4.57
wsigoettingen,ADS,18.0
babylabutrecht,ADS,3.28719
wsigoettingen,IDS,
infantcoglablouisville,IDS,3.328
dcnlabtennessee,ADS,3.73
earlysocogfm,ADS,
chosunbaby,ADS,10.271
babylabshimane,ADS,0.01
babylabumassb,ADS,4.9833
babylingoslo,ADS,0.44
bllumanitoba,ADS,
ethosrennes,IDS,13.14
babylabyork,IDS,5.4
purdueinfantspeech,ADS,6.62
unlvmusiclab,IDS,17.508
ethosrennes,IDS,0.55
babylabnijmegen,ADS,7.69
ldlottawa,IDS,16.665
ldlottawa,ADS,1.25167
weltentdeckerzurich,training,11.92
babylabpotsdam,ADS,18.0
kyotobabylab,ADS,7.73
babylabutrecht,ADS,13.581587
weltentdeckerzurich,ADS,0.96
infantcogubc,ADS,0.0
udssaarland,IDS,2.0925400257
babylabpotsdam,IDS,9.291
infantstudiesubc,ADS,
dcnlabtennessee,IDS,0.0
jmucdl,ADS,2.56
udssaarland,training,18.0086979866
bounbcl,IDS,3.04
babylabnijmegen,IDS,6.19
babylabplymouth,ADS,14.77
dcnlabtennessee,training,5.535
purdueinfantspeech,training,8.3
icclbc,IDS,9.0
udssaarland,IDS,5.9714570045
purdueinfantspeech,ADS,1.13
nusinfantlanguagecentre,IDS,0.95
cdcceu,ADS,17.02
ethosrennes,training,12.1
chosunbaby,ADS,8.799
ethosrennes,IDS,0.02
ldlottawa,ADS,1.635
lcdfsu,test-ADS,750.0
irlconcordia,IDS,
baldwinlabuoregon,training,7.524843072
udssaarland,ADS,8.2548978329
childlabmanchester,IDS,0.032
lancaster,IDS,0.0
nusinfantlanguagecentre,ADS,2.5
langlabucla,IDS,13.312
bchdosu,IDS,6.063
ethosrennes,training,8.95
babylabumassb,ADS,0.43333
jmucdl,Training,0.0
cfnuofn,IDS,0.0
ethosrennes,IDS,1.1
unlvmusiclab,ADS,17.363
langlabucla,IDS,7.375
infantcoglablouisville,training,0.592
infantcogubc,ADS,15.6
childlabmanchester,ADS,0.0
nusinfantlanguagecentre,ADS,2.53
babylabparisdescartes1,ADS,1.021
ldlottawa,IDS,3.5866
bllumanitoba,ADS,14.543
ldlottawa,IDS,
babylabshimane,IDS,1.72
udssaarland,ADS,12.6898567677
babylablmu,ADS,
socialcogumiami,IDS,3.48
islnotredame,ADS,16.598
trainorlab,ADS,11.1001
infantcogubc,IDS,14.23
ldlottawa,ADS,0.9166
infantcogubc,IDS,3.7
cdcceu,,
infantllmadison,IDS,6.486
babylabyork,ADS,10.4
infantstudiesubc,training,18.65196667
babylabbrookes,IDS,15.608
weltentdeckerzurich,IDS,0.0
pocdnorthwestern,IDS,
infantcogubc,Training,10.85
infantlanglabutk,ADS1,20109.0
ethosrennes,IDS,3.04
lcduleeds,IDS,3.67
icclbc,Training,0.0
babylabshimane,ADS,1.33
infantlanglabutk,ADS8,287.0
babylabpotsdam,training,16.337
kyotobabylab,ADS,11.83
langlabucla,IDS,7.408
infantlanglabutk,ADS7,2776.0
lppparisdescartes2,IDS,2429.0
babylabshimane,ADS,0.0
islnotredame,IDS,17.505
childlabmanchester,ADS,2.668
bllumanitoba,IDS,3.055
ethosrennes,IDS,0.78
ldlottawa,ADS,0.25
udssaarland,IDS,3.3854699135
babylabkingswood,ADS,7226.0
chosunbaby,training,7.168
infantllmadison,training,4.248
dcnlabtennessee,IDS,2.43
socialcogumiami,IDS,0.13
bounbcl,IDS,1.6
infantllmadison,ADS,3.567
wsigoettingen,ADS,18.0
babylabuclajohnson,IDS,2.46
babylabkingswood,ADS,4133.0
islnotredame,IDS,15.681
ethosrennes,IDS,
bllumanitoba,ADS,12.924
ethosrennes,IDS,13.83
babylablmu,IDS,
babylabnijmegen,training,18.02
bchdosu,ADS,4.481
earlysocogfm,IDS,
chosunbaby,IDS,4.47
babylabparisdescartes1,ADS,3.446
lcduleeds,IDS,1.213
callab,IDS,5.29606628417969
musdevutm,IDS,15.866
labunam,ADS,0.0
babylabplymouth,ADS,
babylabbrookes,training,9.62
cfnuofn,IDS,4.35
islnotredame,IDS,6.528
kokuhamburg,ADS,
trainorlab,IDS,3.1431
infantcogubc,ADS,6.63
babylabkingswood,training,9312.0
wsigoettingen,ADS,9.82
babylabumassb,ADS,11.99
earlysocogfm,ADS,
babylabpotsdam,IDS,5.502
bllumanitoba,IDS,14.156
babylabnijmegen,training,1.03
babylabbrookes,IDS,9.34
lscppsl,ADS,10363.0
infantllmadison,IDS,14.344
lcdfsu,test-IDS,8845.0
lscppsl,IDS,0.0
infantlanglabutk,ADS3,5469.0
infantllmadison,IDS,5.628
childlabmanchester,ADS,4.656
cfnuofn,IDS,0.0
infantcogubc,ADS,5.59
madlabucsd,ADS,13.21
musdevutm,training,15.178
purdueinfantspeech,ADS,13.72
kokuhamburg,IDS,1.91
trainorlab,IDS,10.3779
weltentdeckerzurich,ADS,15.84
babylabyork,ADS,17.9
babylabbrookes,IDS,16.642
lppparisdescartes2,IDS,2198.0
babylabutrecht,IDS,15.513036
babylabplymouth,IDS,3.44
wsigoettingen,IDS,10.85
childlabmanchester,ADS,2.586
kyotobabylab,IDS,6.66
wsigoettingen,ADS,17.11
kokuhamburg,ADS,
socialcogumiami,training,9.54
ldlottawa,ADS,1.81833
babylabkingswood,ADS,2028.0
babylabuclajohnson,IDS,10.0
babylabnijmegen,IDS,2.85
isplabmcgill,ADS,
ldlottawa,ADS,1.60167
bchdosu,IDS,14.964
babylablmu,IDS,10.92
lscppsl,IDS,3025.0
purdueinfantspeech,IDS,2.51
babylabkingswood,IDS,4660.0
ldlottawa,ADS,2.20167
irlconcordia,IDS,14.31
babylabkingswood,IDS,764.0
infantllmadison,training,6.152
bcrlunlv,ADS,1.5
babylabreading,ADS,
irlconcordia,ADS,2.05
babylabnijmegen,ADS,5.33
babylabreading,ADS,7.63
wsigoettingen,ADS,6.81
lllliv,training,2.319
wsigoettingen,ADS,2.99
ethosrennes,ADS,0.99
babylabprinceton,ADS,4.126
babylabuclajohnson,ADS,18.0
bchdosu,ADS,0.112
cfnuofn,IDS,9.47
lcdfsu,test-IDS,2112.0
infantlanglabutk,ADS4,5672.0
langlabucla,IDS,8.352
trainorlab,IDS,4.0106
babylablmu,ADS,0.49
chosunbaby,IDS,9.496
babylabutrecht,ADS,13.146851
wsigoettingen,IDS,3.1
babylabyork,IDS,10.4
langlabucla,ADS,18.994
childlabmanchester,ADS,0.618
babylabutrecht,training,14.371643
babylabplymouth,ADS,4.48
lancaster,IDS,12.2
babylabutrecht,ADS,10.503302
bllumanitoba,ADS,8.319
babylablmu,IDS,1.51
jmucdl,IDS,2.14
earlysocogfm,IDS,
babylabshimane,IDS,2.08
langlabucla,training,8.223
wsigoettingen,ADS,13.2
weltentdeckerzurich,IDS,3.09
babylabumassb,training,7.3633
ldlottawa,ADS,3.38667
babylablmu,ADS,2.87
babylabshimane,ADS,2.97
lllliv,IDS,1.559
lscppsl,training,2389.0
cdcceu,ADS,14.824
wsigoettingen,training,18.0
chosunbaby,ADS,16.531
babylabpotsdam,IDS,5.708
chosunbaby,IDS,4.013
weescienceedinburgh,ADS,
babylabkonstanz,IDS,17.67
earlysocogfm,IDS,
purdueinfantspeech,IDS,
socialcogumiami,IDS,5.63
labunam,ADS,
icclbc,ADS,
babylablmu,IDS,1.83
madlabucsd,training,2.3
cdcceu,IDS,17.7
dcnlabtennessee,IDS,0.0
earlysocogfm,ADS,4.68
weescienceedinburgh,ADS,17.7
chosunbaby,IDS,11.708
lppparisdescartes2,ADS,7127.0
langlabucla,ADS,2.64
infantstudiesubc,IDS,1.935266667
ethosrennes,ADS,2.91
chosunbaby,ADS,3.704
irlconcordia,ADS,0.0
babylabprinceton,training,16.944
lcdfsu,test-IDS,400.0
babylablmu,ADS,
babylablmu,IDS,
baldwinlabuoregon,IDS,3.070440147
bllumanitoba,ADS,3.559
infantstudiesubc,ADS,4.004
lllliv,ADS,0.026
babylabparisdescartes1,ADS,
baldwinlabuoregon,IDS,0.380585949
wsigoettingen,IDS,14.88
babylablmu,IDS,
labunam,training,12434.0
infantcogubc,IDS,15.43
langlabucla,IDS,
lcduleeds,IDS,7.749
childlabmanchester,ADS,1.346
babylabpotsdam,ADS,3.244
babylabplymouth,IDS,7.13
babylabparisdescartes1,ADS,0.841
islnotredame,IDS,10.916
lancaster,IDS,14.11808094
babylabbrookes,IDS,17.48
wsigoettingen,IDS,6.29
childlabmanchester,ADS,1.55
lcdfsu,test-IDS,12343.0
labunam,ADS,4193.0
babylablmu,IDS,
bchdosu,IDS,7.328
babylablmu,ADS,3.53
langlabucla,ADS,
dcnlabtennessee,ADS,2.604
bchdosu,ADS,3.248
babylabnijmegen,IDS,6.92
babylabbrookes,IDS,17.51
bchdosu,ADS,15.24
weltentdeckerzurich,ADS,0.0
islnotredame,ADS,6.084
babylabuclajohnson,IDS,2.2
babylablmu,training,4.69
babylabnijmegen,IDS,16.15
kokuhamburg,IDS,
musdevutm,training,9.641
babylabumassb,IDS,2.15
unlvmusiclab,Training,18.432
kyotobabylab,IDS,2.23
lcduleeds,IDS,0.0
kokuhamburg,,
babylabkingswood,ADS,7815.0
babylabplymouth,IDS,15.71
babylabuclajohnson,training,9.2
jmucdl,ADS,
infantllmadison,IDS,2.92
icclbc,IDS,14.049
wsigoettingen,ADS,16.32
islnotredame,IDS,5.75
langlabucla,ADS,2.816
langlabucla,IDS,18.993
bllumanitoba,ADS,1.879
babylabpotsdam,ADS,4.909
udssaarland,IDS,7.2487800121
babylabuclajohnson,ADS,5.69
babylabreading,ADS,3.83
ethosrennes,ADS,
cdcceu,ADS,1.732
lllliv,ADS,3.161
bcrlunlv,ADS,4.167
babylabuclajohnson,IDS,1.83
chosunbaby,ADS,5.806
irlconcordia,ADS,4.9
udssaarland,ADS,5.9458529949
kyotobabylab,IDS,3.55
earlysocogfm,training,13.56
unlvmusiclab,IDS,16.592
weescienceedinburgh,ADS,1.66
langlabucla,training,18.995
ethosrennes,ADS,6.45
chosunbaby,IDS,8.175
ethosrennes,ADS,4.64
langlabucla,IDS,5.936
labunam,IDS,2683.0
kokuhamburg,,
babylableiden,ADS,3.52
infantcoglablouisville,IDS,16.6
ileap,IDS,6.848
bchdosu,ADS,3.264
babylablangessex,ADS,2.275
babylabpotsdam,ADS,8.332
bcrlunlv,IDS,7.9
lllliv,IDS,1.176
chosunbaby,ADS,3.901
langlabucla,IDS,5.776
langlabucla,training,7.6
infantcoglablouisville,IDS,0.976
babylabplymouth,IDS,7.08
babylabyork,ADS,4.4
lscppsl,ADS,0.0
babylabbrookes,training,7.09
icclbc,IDS,15.899
pocdnorthwestern,IDS,5.773020000000001
udssaarland,IDS,3.8676011562
infantlanglabutk,ADS8,1440.0
infantllmadison,ADS,1.111
lllliv,IDS,0.724
ethosrennes,ADS,2.78
bounbcl,IDS,5.32
nusinfantlanguagecentre,training,17.58
bllumanitoba,training,2.823
earlysocogfm,ADS,
weltentdeckerzurich,IDS,2.78
babylabkonstanz,IDS,4.61
irlconcordia,training,4.36
irlconcordia,training,4.38
babylabplymouth,IDS,3.41
labunam,IDS,1517.0
kokuhamburg,ADS,
unlvmusiclab,ADS,10.439
babylabkonstanz,ADS,4.33
ethosrennes,IDS,3.45
madlabucsd,ADS,
wsigoettingen,IDS,1.51
infantcoglablouisville,ADS,5.1
babylabkingswood,IDS,4978.0
babylingoslo,ADS,1.0
weltentdeckerzurich,ADS,1.51
lllliv,IDS,5.343
bchdosu,IDS,17.842
cdcceu,ADS,10.408
purdueinfantspeech,IDS,16.11
infantlanglabutk,IDS6,1084.0
irlconcordia,ADS,1.95
nusinfantlanguagecentre,IDS,
babylabuclajohnson,IDS,17.82
babylabbrookes,ADS,
ethosrennes,ADS,0.27
infantlanglabutk,IDS4,18369.0
babylablangessex,ADS,0.0
infantcoglablouisville,IDS,6.592
irlconcordia,IDS,9.08
lppparisdescartes2,IDS,4229.0
dcnlabtennessee,ADS,1.126
babylabbrookes,ADS,5.26
bcrlunlv,training,11.43
trainorlab,IDS,5.7466
weltentdeckerzurich,IDS,7.02
nusinfantlanguagecentre,IDS,
babylabutrecht,ADS,3.414256
babylingoslo,IDS,0.0
nusinfantlanguagecentre,IDS,7.8
weltentdeckerzurich,IDS,12.9
lllliv,ADS,0.0
babylabutrecht,ADS,4.652059
wsigoettingen,IDS,16.3
wsigoettingen,IDS,14.1
earlysocogfm,IDS,13.14
ldlottawa,IDS,7.723
babylablangessex,ADS,0.0
babylabutrecht,IDS,15.956142
babylabbrookes,IDS,2.79
babylabutrecht,ADS,11.333574
babylabbrookes,IDS,2.96
bcrlunlv,IDS,4.567
babylabutrecht,ADS,5.491072
callab,training,9.51492309570312
babylabyork,ADS,3.3
babylabkingswood,IDS,9467.0
babylabkingswood,IDS,7023.0
earlysocogfm,ADS,5.52
langlabucla,IDS,7.2
babylabkingswood,ADS,1.0
udssaarland,ADS,2.8605949879
cdcceu,ADS,3.674
ethosrennes,ADS,9.02
musdevutm,training,8.424
babylabreading,ADS,11.88
ldlottawa,IDS,5.98833
infantllmadison,ADS,3.849
purdueinfantspeech,training,4.66
chosunbaby,IDS,3.439
babylabkonstanz,ADS,8.31
labunam,IDS,
bchdosu,Training,6.944
chosunbaby,IDS,2.598
pocdnorthwestern,IDS,16.322039999999998
ethosrennes,IDS,2.98
babylabnijmegen,training,5.08
cdcceu,IDS,2.224
babylabutrecht,IDS,4.062125
infantlanglabutk,IDS1,13391.0
infantllmadison,ADS,4.265
labunam,IDS,7841.0
babylabnijmegen,training,6.68
pocdnorthwestern,Training,1.32399
babylabbrookes,ADS,6.65
lppparisdescartes2,IDS,7400.0
lscppsl,IDS,5551.0
babylabnijmegen,ADS,2.69
ethosrennes,IDS,3.97
unlvmusiclab,ADS,13.617
babylabnijmegen,ADS,2.9
lllliv,training,3.56
bchdosu,ADS,1.856
unlvmusiclab,ADS,17.488
nusinfantlanguagecentre,ADS,
chosunbaby,ADS,10.879
irlconcordia,ADS,3.13
earlysocogfm,ADS,0.0
babylabnijmegen,IDS,14.03
babylabnijmegen,IDS,13.27
babylabkingswood,IDS,10174.0
bllumanitoba,ADS,11.743
babylabpotsdam,training,3.309
infantlanglabutk,IDS3,2529.0
infantstudiesubc,IDS,7.974633333
pocdnorthwestern,ADS,0.662
bchdosu,IDS,2.032
chosunbaby,ADS,6.855
musdevutm,IDS,6.022
babylableiden,training,
kyotobabylab,ADS,12.34
babylabpotsdam,ADS,17.802
nusinfantlanguagecentre,IDS,10.89
lancaster,IDS,0.0
infantlanglabutk,IDS3,6055.0
babylabnijmegen,training,5.02
langlabucla,IDS,9.104
lcdfsu,test-ADS,4036.0
bounbcl,IDS,6.2
infantllmadison,IDS,8.279
infantllmadison,IDS,
babylabshimane,ADS,17.36
babylabprinceton,training,17.744
ldlottawa,ADS,5.755
bllumanitoba,training,12.415
madlabucsd,ADS,3.14
callab,IDS,4.6865234375
langlabucla,ADS,17.312
lcduleeds,IDS,
bllumanitoba,ADS,5.335
trainorlab,ADS,1.2907
bllumanitoba,IDS,6.359
jmucdl,ADS,
babylabnijmegen,IDS,13.06
purdueinfantspeech,ADS,2.04
ethosrennes,IDS,1.12
purdueinfantspeech,IDS,
lancaster,ADS,4.98
babylabuclajohnson,ADS,8.33
weltentdeckerzurich,IDS,7.73
earlysocogfm,ADS,
earlysocogfm,training,12.28
weltentdeckerzurich,training,4.53
ethosrennes,ADS,0.54
socialcogumiami,ADS,
langlabucla,IDS,7.024
kokuhamburg,training,6.21
musdevutm,training,4.758
minddevlabbicocca,IDS,7378.0
bounbcl,ADS,0.6
islnotredame,IDS,4.086
babylabyork,training,17.9
weescienceedinburgh,ADS,3.49
wsigoettingen,training,4.67
weltentdeckerzurich,training,14.82
ethosrennes,ADS,18.3
minddevlabbicocca,ADS,17751.0
babylabnijmegen,ADS,11.11
ldlottawa,ADS,4.436
ldlottawa,ADS,6.7733
trainorlab,IDS,8.4625
cdcceu,ADS,13.096
infantcogubc,ADS,2.8
labunam,IDS,0.0
chosunbaby,training,7.776
ethosrennes,IDS,2.25
infantcogubc,ADS,8.36
babylabplymouth,ADS,8.51
labunam,IDS,404.0
weltentdeckerzurich,IDS,2.95
udssaarland,training,16.0444002151
babylabyork,ADS,17.9
ethosrennes,training,9.57
purdueinfantspeech,ADS,
cfnuofn,IDS,0.0
musdevutm,IDS,6.319
cogdevlabbyu,IDS,17.1
babylabshimane,ADS,0.0
ldlottawa,IDS,5.4067
babylabpotsdam,ADS,15.337
chosunbaby,IDS,4.119
bcrlunlv,training,10.47
babylabkingswood,ADS,0.0
babylabuclajohnson,ADS,4.65
lcdfsu,test-IDS,330.0
bllumanitoba,ADS,5.103
lcduleeds,ADS,0.0
infantlanglabutk,IDS8,15440.0
babylingoslo,ADS,0.0
minddevlabbicocca,ADS,0.0
infantllmadison,ADS,4.838
kokuhamburg,IDS,2.05
babylabpotsdam,ADS,7.928
bllumanitoba,ADS,7.007
babylabutrecht,ADS,6.465153
wsigoettingen,ADS,4.84
nusinfantlanguagecentre,training,11.57
nusinfantlanguagecentre,training,1.52
langlabucla,training,9.455
bounbcl,IDS,5.16
callab,ADS,17.093505859375
bchdosu,IDS,2.256
pocdnorthwestern,ADS,1.352
weescienceedinburgh,ADS,15.99
bcrlunlv,IDS,
purdueinfantspeech,IDS,
babylabpotsdam,IDS,5.922
babylabshimane,ADS,0.0
cfnuofn,IDS,15.59
babylabnijmegen,ADS,2.85
infantllmadison,ADS,
ethosrennes,IDS,5.46
islnotredame,ADS,14.47
udssaarland,IDS,2.8926889896
babylabnijmegen,ADS,5.71
jmucdl,IDS,1.1
babylabnijmegen,ADS,1.34
weltentdeckerzurich,ADS,
callab,ADS,2.6322021484375
escompicbsleipzig,training,4.0
babylabplymouth,ADS,2.67
escompicbsleipzig,ADS,9.45
chosunbaby,IDS,6.69
weescienceedinburgh,training,6.79
bllumanitoba,ADS,4.367
infantllmadison,ADS,1.237
babylabbrookes,IDS,2.48
socialcogumiami,IDS,5.8
chosunbaby,ADS,2.688
lllliv,IDS,1.116
babylabprinceton,IDS,
babylabbrookes,IDS,17.55
infantcoglablouisville,ADS,13.448
trainorlab,training,6.256
babylabkingswood,IDS,7551.0
babylabshimane,ADS,9.76
babylabbrookes,IDS,2.13
purdueinfantspeech,ADS,3.05
lllliv,ADS,3.09
babylabprinceton,IDS,
babylabpotsdam,IDS,2.479
langlabucla,ADS,8.384
bchdosu,IDS,2.48
infantcogubc,IDS,5.72
babylabpotsdam,IDS,5.329
bchdosu,ADS,3.759
lcduleeds,ADS,2.912
dcnlabtennessee,IDS,2.568
babylingoslo,IDS,0.0
babylabshimane,training,12.73
bcrlunlv,IDS,
infantcogubc,ADS,10.4
infantllmadison,ADS,4.335
bchdosu,IDS,2.736
babylabpotsdam,ADS,16.343
islnotredame,ADS,2.035
kyotobabylab,ADS,3.43
babylablangessex,ADS,1.038
childlabmanchester,,
wsigoettingen,IDS,13.7
babylabbrookes,training,17.345
langlabucla,training,10.159
babylablangessex,IDS,14.218
cdcceu,ADS,2.724
islnotredame,IDS,3.569
bounbcl,IDS,3.44
babylabplymouth,ADS,3.65
ethosrennes,ADS,3.81
kokuhamburg,ADS,7.8
bcrlunlv,ADS,4.433
babylabvuw,Training,15.99
purdueinfantspeech,ADS,3.18
lppparisdescartes2,ADS,3440.0
lcduleeds,training,4.441
weescienceedinburgh,ADS,2.22
babylabbrookes,,
irlconcordia,training,0.0
babylabshimane,training,12.16
babylabvuw,IDS,18.001
lcduleeds,IDS,14.889
infantcogubc,IDS,0.0
babylabplymouth,training,7.41
purdueinfantspeech,IDS,17.83
ethosrennes,IDS,13.15
bounbcl,ADS,2.72
bllumanitoba,ADS,3.775
udssaarland,IDS,5.4350261688
infantstudiesubc,IDS,11.6116
babylabkingswood,ADS,3289.0
bchdosu,IDS,5.904
musdevutm,ADS,5.835
lcduleeds,ADS,0.0
weescienceedinburgh,IDS,10.25
babylabbrookes,IDS,16.08
babylabshimane,ADS,15.12
bounbcl,Training,11.16
icclbc,IDS,1.616
earlysocogfm,ADS,
ethosrennes,IDS,3.64
wsigoettingen,IDS,3.77
socialcogumiami,training,9.42
babylablmu,IDS,
babylabshimane,training,5.36
kokuhamburg,,
babylabkingswood,ADS,13717.0
infantstudiesubc,ADS,0.934266667
babylabnijmegen,ADS,4.36
infantcoglablouisville,ADS,2.32
wsigoettingen,IDS,15.54
unlvmusiclab,Training,10.4
escompicbsleipzig,IDS,1.03
pocdnorthwestern,IDS,3.4210200000000004
cfnuofn,ADS,12.38
weescienceedinburgh,ADS,12.72
babylabbrookes,IDS,13.968
langlabucla,training,18.641
nusinfantlanguagecentre,ADS,
ethosrennes,IDS,2.75
ethosrennes,IDS,1.09
babylabbrookes,IDS,3.75
babylabkingswood,training,2483.0
babylabnijmegen,ADS,3.18
bounbcl,ADS,0.6
kokuhamburg,ADS,3.1
lscppsl,ADS,1562.0
ethosrennes,IDS,9.75
irlconcordia,ADS,4.21
escompicbsleipzig,training,9.04
udssaarland,ADS,2.608492136
dcnlabtennessee,IDS,1.232
lllliv,ADS,3.621
cdcceu,ADS,15.746
bounbcl,IDS,4.12
ldlottawa,ADS,1.81833
lscppsl,ADS,1551.0
babylableiden,ADS,2.83
childlabmanchester,,
udssaarland,training,4.9631521702
lllliv,ADS,5.77
kokuhamburg,IDS,
musdevutm,ADS,
babylablmu,training,0.67
kokuhamburg,training,14.83
icclbc,ADS,7.3
lcdfsu,test-ADS,16454.0
babylabuclajohnson,ADS,9.93
callab,IDS,7.06268310546875
purdueinfantspeech,ADS,1.46
bllumanitoba,ADS,2.607
islnotredame,IDS,3.85
isplabmcgill,IDS,10.9
irlconcordia,ADS,3.95
ethosrennes,training,3.75
dcnlabtennessee,ADS,9.821
islnotredame,IDS,18.017
childlabmanchester,IDS,4.222
chosunbaby,IDS,11.494
babylablangessex,ADS,
infantllmadison,ADS,3.899
lancaster,ADS,4.852769647
musdevutm,ADS,4.166
kokuhamburg,ADS,10.79
kokuhamburg,,
bounbcl,ADS,5.0
babylabbrookes,training,6.95
musdevutm,IDS,16.458
babylabyork,ADS,12.3
labunam,IDS,4547.0
childlabmanchester,IDS,1.612
islnotredame,IDS,7.86
babylabvuw,Training,18.001
nusinfantlanguagecentre,IDS,3.56
labunam,ADS,1526.0
islnotredame,IDS,18.013
babylabparisdescartes1,ADS,
irlconcordia,ADS,0.9
babylabvuw,ADS,18.001
cdcceu,ADS,17.57
cdcceu,ADS,5.632
chosunbaby,,
escompicbsleipzig,IDS,14.54
babylablangessex,IDS,5.689
bllumanitoba,ADS,5.415
babylabuclajohnson,ADS,1.94
lancaster,training,17.18257475
udssaarland,IDS,2.9163489342
udssaarland,ADS,5.5838298798
lancaster,training,10.75
minddevlabbicocca,IDS,0.0
babylabuclajohnson,ADS,8.29
udssaarland,IDS,1.4097659588
udssaarland,IDS,7.4051349163
minddevlabbicocca,IDS,0.0
minddevlabbicocca,IDS,0.0
lancaster,ADS,0.0
babylabuclajohnson,IDS,16.56
babylabuclajohnson,IDS,16.56
udssaarland,training,7.0460629463
lancaster,IDS,2.69
udssaarland,IDS,3.1643381119
lancaster,ADS,0.0
minddevlabbicocca,ADS,0.0
purdueinfantspeech,IDS,6.79
udssaarland,IDS,9.2207620144
udssaarland,training,10.8492460251
babylabuclajohnson,IDS,14.43
babylabuclajohnson,ADS,11.17
minddevlabbicocca,ADS,0.0
minddevlabbicocca,ADS,0.0
udssaarland,IDS,4.6480829716
udssaarland,IDS,3.0483219624
udssaarland,IDS,4.4268908501
udssaarland,ADS,12.1214590073
babylabuclajohnson,ADS,6.23
babylabuclajohnson,ADS,6.78
babylabuclajohnson,ADS,13.54
lancaster,IDS,7.34
lancaster,IDS,4.42
lancaster,IDS,0.03
udssaarland,IDS,4.5853550434
purdueinfantspeech,IDS,1.82
babylabuclajohnson,IDS,5.5
udssaarland,ADS,2.1606209278
lancaster,ADS,1.9488862
babylabuclajohnson,training,9.2
babylabuclajohnson,IDS,16.56
lancaster,ADS,0.0
lancaster,IDS,8.05
babylabuclajohnson,IDS,6.13
babylabuclajohnson,IDS,17.38
udssaarland,ADS,2.5396261215
udssaarland,training,7.0460629463
infantcoglablouisville,ADS,0.0
babylabuclajohnson,ADS,10.05
lancaster,IDS,2.69
udssaarland,IDS,4.6991400719
lancaster,ADS,0.0
udssaarland,ADS,9.6346421242
babylabuclajohnson,ADS,1.94
infantllmadison,ADS,4.624
udssaarland,IDS,2.9056990147
udssaarland,ADS,1.4785573483
udssaarland,IDS,2.9163489342
lancaster,IDS,5.0
udssaarland,training,10.2006587982
purdueinfantspeech,ADS,14.63
minddevlabbicocca,ADS,0.0
babylabuclajohnson,training,18.0
minddevlabbicocca,IDS,0.0
udssaarland,IDS,1.5019440651
minddevlabbicocca,IDS,1892.0
udssaarland,IDS,2.4317109585
babylabuclajohnson,IDS,1.06
infantcoglablouisville,IDS,2.28
babylabuclajohnson,ADS,11.17
udssaarland,ADS,8.317360878
lancaster,ADS,8.264528562
minddevlabbicocca,ADS,0.0
udssaarland,ADS,14.1621670723
lancaster,ADS,11.27
udssaarland,IDS,3.1643381119
lancaster,IDS,0.0
minddevlabbicocca,IDS,0.0
babylabuclajohnson,ADS,6.31
babylabuclajohnson,ADS,3.67
udssaarland,IDS,1.2320017815
lancaster,ADS,1.9488862
lllliv,IDS,
babylabuclajohnson,IDS,15.41
purdueinfantspeech,ADS,1.3
udssaarland,IDS,2.1041150093
udssaarland,IDS,3.1643381119
udssaarland,ADS,5.098856926
udssaarland,training,4.9631521702
udssaarland,training,10.2006587982
udssaarland,ADS,12.5468688011
udssaarland,ADS,5.6785399914
babylabuclajohnson,ADS,6.78
udssaarland,ADS,1.7502679825
infantcoglablouisville,IDS,0.904
purdueinfantspeech,IDS,6.79
babylabuclajohnson,ADS,11.17
udssaarland,training,10.8492460251
